{
 "bord_poi": [
  [
   70,
   70,
   0
  ],
  [
   380,
   380,
   0
  ],
  [
   70,
   380,
   0
  ],
  [
   380,
   70,
   0
  ],
  [
   30,
   110,
   0
  ],
  [
   110,
   30,
   0
  ],
  [
   30,
   340,
   0
  ],
  [
   110,
   430,
   0
  ],
  [
   0,
   190,
   0
  ],
  [
   260,
   0,
   0
  ],
  [
   190,
   0,
   0
  ],
  [
   0,
   260,
   0
  ],
  [
   190,
   450,
   0
  ],
  [
   260,
   450,
   0
  ],
  [
   450,
   190,
   0
  ],
  [
   450,
   260,
   0
  ],
  [
   430,
   110,
   0
  ],
  [
   340,
   30,
   0
  ],
  [
   340,
   430,
   0
  ],
  [
   430,
   340,
   0
  ]
 ],
 "free_poi": [
  [
   447.285720736845,
   226.2373083637375,
   20.090338965907456
  ],
  [
   436.5741853235645,
   228.12495295462907,
   57.09953869345632
  ],
  [
   434.1762296458066,
   185.08931942732934,
   50.88367133141627
  ],
  [
   437.5601068287332,
   270.8380593184822,
   51.05049065735795
  ],
  [
   433.4377466255442,
   314.1357848449127,
   46.215686213975545
  ],
  [
   402.93274491426723,
   356.64316809363714,
   41.88142471248676
  ],
  [
   409.75150680991464,
   320.51567326752354,
   73.94288808043127
  ],
  [
   412.76262551757867,
   276.0238038308616,
   89.41899252885719
  ],
  [
   408.5141686935642,
   181.7223722123808,
   89.5067413761481
  ],
  [
   402.92974376459364,
   137.22209232174265,
   74.02169454630808
  ],
  [
   396.85318264800514,
   99.16676512857275,
   41.581157088057694
  ],
  [
   360.3435356762959,
   90.95065640973576,
   76.49015711687336
  ],
  [
   350.4126516633528,
   57.16033401029286,
   40.54333517710971
  ],
  [
   313.48623198989213,
   50.768591109671746,
   72.88298075551522
  ],
  [
   319.36148735752624,
   84.86958206169155,
   105.1051517409391
  ],
  [
   323.9854519382374,
   127.47722810150003,
   132.53632356580914
  ],
  [
   327.272649580435,
   175.98141556332777,
   150.19486913977113
  ],
  [
   372.00581396318245,
   178.54229998460227,
   123.32233559943144
  ],
  [
   367.19564134418783,
   131.68939027678658,
   105.90529915589784
  ],
  [
   375.19763017426095,
   228.47958532155533,
   129.42930608504687
  ],
  [
   329.4622662920521,
   227.64146816904358,
   156.26011270213286
  ],
  [
   330.366022578617,
   279.9811606527192,
   150.00521955420137
  ],
  [
   376.18082759700684,
   278.88048262552775,
   123.20481186285102
  ],
  [
   374.15454017017663,
   326.67667476953204,
   105.72784231772015
  ],
  [
   329.55635863794134,
   330.20077297051563,
   132.6496673411761
  ],
  [
   325.9673744391056,
   374.5141255570941,
   105.3677820277229
  ],
  [
   368.0054156321472,
   368.2067813420998,
   76.91063203084919
  ],
  [
   319.74045008260816,
   410.0734123739923,
   73.68251968755173
  ],
  [
   356.3109448231856,
   402.66395260519096,
   41.67784395697863
  ],
  [
   308.7554633403094,
   27.345109268907297,
   45.699282822514476
  ],
  [
   266.84636695016604,
   18.96271555273643,
   50.3350313971421
  ],
  [
   225.2971844167106,
   18.557918123745857,
   55.700211578771004
  ],
  [
   225.1080396297222,
   4.520922527434426,
   19.60636713938808
  ],
  [
   183.4037669208094,
   18.55594556832041,
   50.35206908494927
  ],
  [
   140.75424168821317,
   26.411028608556457,
   45.8812531583353
  ],
  [
   136.46413205698653,
   50.317577777534936,
   72.6827624556821
  ],
  [
   180.17024111615387,
   45.23384003009967,
   87.9824726446175
  ],
  [
   225.6458667031493,
   43.92565548772189,
   93.51263869472277
  ],
  [
   313.75975637391514,
   434.4373676697713,
   46.564792259122406
  ],
  [
   269.8257440761538,
   438.1261828296147,
   50.72917299057999
  ],
  [
   226.78255347452676,
   437.72902361078496,
   56.58150669855936
  ],
  [
   183.8286740118891,
   436.1512757307493,
   50.645117587959454
  ],
  [
   140.6741989939888,
   431.08868785539005,
   46.60789466877454
  ],
  [
   98.55996818138063,
   399.02488468946507,
   41.76349248735044
  ],
  [
   56.60564324395159,
   351.9846307769996,
   41.222195545451044
  ],
  [
   25.93984428697084,
   309.9573792652338,
   47.231125336404844
  ],
  [
   17.60214740123116,
   267.32286448345576,
   51.81612867282716
  ],
  [
   16.889638090210774,
   225.0942193848765,
   57.316696348799525
  ],
  [
   3.18669933723449,
   224.94562099533908,
   20.608589816419826
  ],
  [
   16.810488132515847,
   182.73224660820892,
   51.79700483679208
  ],
  [
   24.29927599463312,
   139.780476947764,
   47.35156721022628
  ],
  [
   56.162566344535506,
   98.99050834074676,
   40.69384945134432
  ],
  [
   90.12425580343198,
   90.36844480649289,
   76.26451405008055
  ],
  [
   98.97840519219201,
   56.533127125967766,
   40.530077549579644
  ],
  [
   48.830981609049445,
   135.8560797248844,
   73.9335442294543
  ],
  [
   83.89626253934765,
   131.05295997191098,
   105.65019442610426
  ],
  [
   80.0112111490632,
   177.3699290646897,
   123.49897458138362
  ],
  [
   43.40562260460891,
   179.5794209432834,
   89.91759072693628
  ],
  [
   41.953528341903116,
   225.63289744187747,
   95.9021425740339
  ],
  [
   78.58446559033453,
   226.24273256872172,
   129.96503794496084
  ],
  [
   79.88712565475407,
   275.1856044304566,
   123.9499415356621
  ],
  [
   43.736771038834334,
   271.64299660718666,
   90.3223403786521
  ],
  [
   49.63376560674499,
   315.2118283869876,
   74.36321466578426
  ],
  [
   83.78732286946749,
   321.7851462378764,
   106.50434915568303
  ],
  [
   90.03710121548468,
   363.1503035607638,
   77.23233901592394
  ],
  [
   130.56899604834274,
   370.40951590402415,
   106.09182738858611
  ],
  [
   135.98183422253075,
   406.1636914978513,
   74.03856923912686
  ],
  [
   126.5355055082979,
   326.55448712522787,
   133.26495351164522
  ],
  [
   175.1835104493829,
   329.2972692758764,
   149.86494983113712
  ],
  [
   226.77418180413062,
   330.9442237295359,
   155.9983488263945
  ],
  [
   279.1430537487828,
   331.2518829371335,
   149.64567423971585
  ],
  [
   279.2535142610748,
   280.04127949090514,
   167.18397514550213
  ],
  [
   226.3190850984498,
   279.6931182774591,
   173.64380997172705
  ],
  [
   174.016171804584,
   278.92274712466906,
   167.35361884033927
  ],
  [
   124.34517447744926,
   277.57643557988155,
   150.38633840533274
  ],
  [
   180.26550249247302,
   411.27291271730314,
   89.06670988041992
  ],
  [
   227.30831018994652,
   413.8315253355272,
   94.63146628073166
  ],
  [
   274.7638581720535,
   413.72685430761175,
   88.94524933432092
  ],
  [
   277.74692990963445,
   376.96167060469037,
   122.32905040614796
  ],
  [
   227.2265347937035,
   376.8545281514872,
   128.4229763497042
  ],
  [
   177.3923966364461,
   374.46776792961555,
   122.46956309115384
  ],
  [
   278.662705362984,
   226.93680728088765,
   173.09013540123732
  ],
  [
   226.09556255907177,
   226.6085570147704,
   179.47889066334395
  ],
  [
   173.837701053552,
   226.61458134947782,
   173.191808951866
  ],
  [
   123.72085225816559,
   226.5761711240989,
   156.5168359880763
  ],
  [
   124.77939321604146,
   175.7755759230983,
   150.22758759200312
  ],
  [
   174.47071241617445,
   174.68643150054055,
   167.11386828191806
  ],
  [
   226.0827161175487,
   174.09265504856222,
   173.46341293568318
  ],
  [
   277.6593155705011,
   174.52068883416825,
   167.12969296858472
  ],
  [
   276.1322035623058,
   125.02875748327659,
   149.44947723649176
  ],
  [
   226.10271533847214,
   124.29438091880543,
   155.586913448873
  ],
  [
   175.78691435818297,
   125.3276542895273,
   149.2448224378433
  ],
  [
   127.35069826941957,
   127.54885902669294,
   132.2401369854084
  ],
  [
   131.30904224506557,
   84.75573956395064,
   104.7567141380352
  ],
  [
   177.6912816924022,
   81.29227601174247,
   121.67324396882968
  ],
  [
   225.96630096593216,
   79.94159892861904,
   127.82538928007136
  ],
  [
   273.8625027714,
   80.9960503426094,
   122.20183164727091
  ],
  [
   270.723055201942,
   45.22380503684713,
   88.3511038124358
  ],
  [
